{"custom_metrics": {}, "episode_media": {}, "info": {"learner": {"operator_policy": {"learner_stats": {"allreduce_latency": 0.0, "grad_gnorm": 0.4984452106213818, "cur_kl_coeff": 0.20000000000000004, "cur_lr": 5.0000000000000016e-05, "total_loss": 9.682131191094717, "policy_loss": -0.008310686483067304, "vf_loss": 9.688720705111821, "vf_explained_var": 2.0565465092658995e-06, "kl": 0.00860577769504542, "entropy": 1.3505409840494393, "entropy_coeff": 0.0}, "model": {}, "custom_metrics": {}, "num_agent_steps_trained": 125.0, "num_grad_updates_lifetime": 480.5, "diff_num_grad_updates_vs_sampler_policy": 479.5}, "supervisor_policy": {"learner_stats": {"allreduce_latency": 0.0, "grad_gnorm": 0.9964645224002501, "cur_kl_coeff": 0.20000000000000004, "cur_lr": 5.0000000000000016e-05, "total_loss": 9.58455397685369, "policy_loss": -0.006732276046144155, "vf_loss": 9.589196919401486, "vf_explained_var": 0.00019809187700351079, "kl": 0.010446588032979391, "entropy": 2.027433615922928, "entropy_coeff": 0.0}, "model": {}, "custom_metrics": {}, "num_agent_steps_trained": 125.0, "num_grad_updates_lifetime": 480.5, "diff_num_grad_updates_vs_sampler_policy": 479.5}}, "num_env_steps_sampled": 16000, "num_env_steps_trained": 16000, "num_agent_steps_sampled": 32000, "num_agent_steps_trained": 32000}, "sampler_results": {"episode_reward_max": 2300.0, "episode_reward_min": -200.0, "episode_reward_mean": 248.75, "episode_len_mean": 97.475, "episode_media": {}, "episodes_this_iter": 40, "policy_reward_min": {"operator_policy": -100.0, "supervisor_policy": -150.0}, "policy_reward_max": {"operator_policy": 1300.0, "supervisor_policy": 1000.0}, "policy_reward_mean": {"operator_policy": 292.5, "supervisor_policy": -43.75}, "custom_metrics": {}, "hist_stats": {"episode_reward": [400.0, 2300.0, 400.0, 100.0, 200.0, 300.0, 200.0, -200.0, 200.0, 300.0, 100.0, 200.0, -200.0, 200.0, 100.0, -200.0, 200.0, 200.0, 200.0, 100.0, 350.0, 2300.0, -200.0, 200.0, -100.0, 300.0, 200.0, 200.0, 200.0, -200.0, 200.0, 100.0, 200.0, 100.0, 100.0, 400.0, 200.0, 100.0, 100.0, 100.0], "episode_lengths": [100, 11, 100, 100, 100, 100, 100, 100, 100, 100, 100, 100, 100, 100, 100, 100, 100, 100, 100, 100, 93, 95, 100, 100, 100, 100, 100, 100, 100, 100, 100, 100, 100, 100, 100, 100, 100, 100, 100, 100], "policy_operator_policy_reward": [400.0, 1300.0, 500.0, 200.0, 300.0, 400.0, 300.0, -100.0, 300.0, 400.0, 200.0, 300.0, -100.0, 300.0, 200.0, -100.0, 300.0, 300.0, 300.0, 200.0, 500.0, 1300.0, -100.0, 300.0, 0.0, 400.0, 300.0, 300.0, 300.0, -100.0, 300.0, 200.0, 300.0, 200.0, 200.0, 500.0, 300.0, 200.0, 200.0, 200.0], "policy_supervisor_policy_reward": [0.0, 1000.0, -100.0, -100.0, -100.0, -100.0, -100.0, -100.0, -100.0, -100.0, -100.0, -100.0, -100.0, -100.0, -100.0, -100.0, -100.0, -100.0, -100.0, -100.0, -150.0, 1000.0, -100.0, -100.0, -100.0, -100.0, -100.0, -100.0, -100.0, -100.0, -100.0, -100.0, -100.0, -100.0, -100.0, -100.0, -100.0, -100.0, -100.0, -100.0]}, "sampler_perf": {"mean_raw_obs_processing_ms": 0.595751909659184, "mean_inference_ms": 2.510971751348904, "mean_action_processing_ms": 0.23040188842270148, "mean_env_wait_ms": 0.07897034577880127, "mean_env_render_ms": 0.0}, "num_faulty_episodes": 0, "connector_metrics": {"ObsPreprocessorConnector_ms": 0.006522238254547119, "StateBufferConnector_ms": 0.004443526268005371, "ViewRequirementAgentConnector_ms": 0.11366158723831177}}, "episode_reward_max": 2300.0, "episode_reward_min": -200.0, "episode_reward_mean": 248.75, "episode_len_mean": 97.475, "episodes_this_iter": 40, "policy_reward_min": {"operator_policy": -100.0, "supervisor_policy": -150.0}, "policy_reward_max": {"operator_policy": 1300.0, "supervisor_policy": 1000.0}, "policy_reward_mean": {"operator_policy": 292.5, "supervisor_policy": -43.75}, "hist_stats": {"episode_reward": [400.0, 2300.0, 400.0, 100.0, 200.0, 300.0, 200.0, -200.0, 200.0, 300.0, 100.0, 200.0, -200.0, 200.0, 100.0, -200.0, 200.0, 200.0, 200.0, 100.0, 350.0, 2300.0, -200.0, 200.0, -100.0, 300.0, 200.0, 200.0, 200.0, -200.0, 200.0, 100.0, 200.0, 100.0, 100.0, 400.0, 200.0, 100.0, 100.0, 100.0], "episode_lengths": [100, 11, 100, 100, 100, 100, 100, 100, 100, 100, 100, 100, 100, 100, 100, 100, 100, 100, 100, 100, 93, 95, 100, 100, 100, 100, 100, 100, 100, 100, 100, 100, 100, 100, 100, 100, 100, 100, 100, 100], "policy_operator_policy_reward": [400.0, 1300.0, 500.0, 200.0, 300.0, 400.0, 300.0, -100.0, 300.0, 400.0, 200.0, 300.0, -100.0, 300.0, 200.0, -100.0, 300.0, 300.0, 300.0, 200.0, 500.0, 1300.0, -100.0, 300.0, 0.0, 400.0, 300.0, 300.0, 300.0, -100.0, 300.0, 200.0, 300.0, 200.0, 200.0, 500.0, 300.0, 200.0, 200.0, 200.0], "policy_supervisor_policy_reward": [0.0, 1000.0, -100.0, -100.0, -100.0, -100.0, -100.0, -100.0, -100.0, -100.0, -100.0, -100.0, -100.0, -100.0, -100.0, -100.0, -100.0, -100.0, -100.0, -100.0, -150.0, 1000.0, -100.0, -100.0, -100.0, -100.0, -100.0, -100.0, -100.0, -100.0, -100.0, -100.0, -100.0, -100.0, -100.0, -100.0, -100.0, -100.0, -100.0, -100.0]}, "sampler_perf": {"mean_raw_obs_processing_ms": 0.595751909659184, "mean_inference_ms": 2.510971751348904, "mean_action_processing_ms": 0.23040188842270148, "mean_env_wait_ms": 0.07897034577880127, "mean_env_render_ms": 0.0}, "num_faulty_episodes": 0, "connector_metrics": {"ObsPreprocessorConnector_ms": 0.006522238254547119, "StateBufferConnector_ms": 0.004443526268005371, "ViewRequirementAgentConnector_ms": 0.11366158723831177}, "num_healthy_workers": 2, "num_in_flight_async_reqs": 0, "num_remote_worker_restarts": 0, "num_agent_steps_sampled": 32000, "num_agent_steps_trained": 32000, "num_env_steps_sampled": 16000, "num_env_steps_trained": 16000, "num_env_steps_sampled_this_iter": 4000, "num_env_steps_trained_this_iter": 4000, "num_env_steps_sampled_throughput_per_sec": 180.9503642726502, "num_env_steps_trained_throughput_per_sec": 180.9503642726502, "timesteps_total": 16000, "num_steps_trained_this_iter": 4000, "agent_timesteps_total": 32000, "timers": {"training_iteration_time_ms": 22105.431, "sample_time_ms": 6930.785, "learn_time_ms": 15169.435, "learn_throughput": 263.688, "synch_weights_time_ms": 4.258}, "counters": {"num_env_steps_sampled": 16000, "num_env_steps_trained": 16000, "num_agent_steps_sampled": 32000, "num_agent_steps_trained": 32000}, "done": true, "episodes_total": 40, "training_iteration": 4, "trial_id": "2fa49_00000", "date": "2024-03-28_10-33-43", "timestamp": 1711618423, "time_this_iter_s": 22.110265731811523, "time_total_s": 22.110265731811523, "pid": 53970, "hostname": "ia-P7xxDM2-G", "node_ip": "192.168.31.195", "config": {"extra_python_environs_for_driver": {}, "extra_python_environs_for_worker": {}, "num_gpus": 0, "num_cpus_per_worker": 2, "num_gpus_per_worker": 0, "_fake_gpus": false, "num_learner_workers": 2, "num_gpus_per_learner_worker": 0, "num_cpus_per_learner_worker": 1, "local_gpu_idx": 0, "custom_resources_per_worker": {}, "placement_strategy": "PACK", "eager_tracing": true, "eager_max_retraces": 20, "tf_session_args": {"intra_op_parallelism_threads": 2, "inter_op_parallelism_threads": 2, "gpu_options": {"allow_growth": true}, "log_device_placement": false, "device_count": {"CPU": 1}, "allow_soft_placement": true}, "local_tf_session_args": {"intra_op_parallelism_threads": 8, "inter_op_parallelism_threads": 8}, "torch_compile_learner": false, "torch_compile_learner_what_to_compile": "forward_train", "torch_compile_learner_dynamo_backend": "inductor", "torch_compile_learner_dynamo_mode": null, "torch_compile_worker": false, "torch_compile_worker_dynamo_backend": "onnxrt", "torch_compile_worker_dynamo_mode": null, "env": "<class 'Scenarios.Multi_Agents_Supervisor_Operators.env.MultiAgentsSupervisorOperatorsEnv'>", "env_config": {"implementation": "simple", "num_boxes_grid_width": 6, "num_boxes_grid_height": 3, "subzones_width": 3, "num_supervisors": 1, "num_operators": 1, "n_orders": 3, "step_limit": 100, "same_seed": false,